[
    {
        "id" : 5,
        "name" : "茄汁義大利麵",
        "price" : 130,
        "src" : "images/茄汁義大利麵.jpg",
        "intro" : "我是茄汁義大利麵",
        "top10" : true,
        "category":"義大利麵"
    },
    {
        "id" : 12,
        "name" : "青醬海陸義大利麵",
        "price" : 120,
        "src" : "images/青醬海陸義大利麵.jpg",
        "intro" : "好吃的 青醬海陸義大利麵！",
        "top10" : false,
        "category":"義大利麵"
    },
    {
        "id" : 16,
        "name" : "冰淇淋鬆餅",
        "price" : 110,
        "src" : "images/冰淇淋鬆餅.jpg",
        "intro" : "好吃的 冰淇淋鬆餅！",
        "top10" : true,
        "category":"點心"
    }
]