[
  {
    "text": "義大利麵",
    "images" : 
            [
              {
                "name" : "茄汁義大利麵",
                "price" : "130",
                "src" : "images/茄汁義大利麵.jpg",
                "intro" : "好吃的 茄汁義大利麵！",
                "top10" : "true"
              },
              {
                "name" : "青醬海陸義大利麵",
                "price" : "120",
                "src" : "images/青醬海陸義大利麵.jpg",
                "intro" : "好吃的 青醬海陸義大利麵！",
                "top10" : "false"
              }
            ]
  },
  {
    "text": "點心" , 
    "images" : 
            [
              {
                "name" : "冰淇淋鬆餅",
                "price" : "110",
                "src" : "images/冰淇淋鬆餅.jpg",
                "intro" : "好吃的 冰淇淋鬆餅！",
                "top10" : "true"
              } , 
              {
                "name" : "微笑薯餅",
                "price" : "100",
                "src" : "images/微笑薯餅.jpg",
                "intro" : "好吃的 微笑薯餅！",
                "top10" : "false"
              } , 
              {
                "name" : "麥克雞塊",
                "price" : "90",
                "src" : "images/麥克雞塊.jpg",
                "intro" : "好吃的 麥克雞塊！",
                "top10" : "true"
              } , 
              {
                "name" : "滿福總匯",
                "price" : "80",
                "src" : "images/滿福總匯.jpg",
                "intro" : "好吃的 滿福總匯！",
                "top10" : "false"
              }
            ]
  }
]
