[
  {
    "text": "義大利麵",
    "images" : 
            [
              {
                "name" : "茄汁義大利麵",
                "src" : "images/茄汁義大利麵.jpg",
                "intro" : "好吃的 茄汁義大利麵 ％％％",
                "top10" : "true"
              },
              {
                "name" : "青醬海陸義大利麵",
                "src" : "images/青醬海陸義大利麵.jpg",
                "intro" : "好吃的 青醬海陸義大利麵 ＾＾＾",
                "top10" : "false"
              }
            ]
  },
  {
    "text": "點心" , 
    "images" : 
            [
              {
                "name" : "冰淇淋鬆餅",
                "src" : "images/冰淇淋鬆餅.jpg",
                "intro" : "好吃的 冰淇淋鬆餅 哦！！！",
                "top10" : "true"
              } , 
              {
                "name" : "微笑薯餅",
                "src" : "images/微笑薯餅.jpg",
                "intro" : "好吃的 微笑薯餅 哦～～～",
                "top10" : "false"
              } , 
              {
                "name" : "麥克雞塊",
                "src" : "images/麥克雞塊.jpg",
                "intro" : "好吃的 麥克雞塊 哦＃＃＃",
                "top10" : "true"
              } , 
              {
                "name" : "滿福總匯",
                "src" : "images/滿福總匯.jpg",
                "intro" : "好吃的 滿福總匯 哦＠＠＠",
                "top10" : "false"
              }
            ]
  }
]
